ÀÏÀÚ,°æº¹±Ã(À¯·á),°æº¹±Ã(¹«·á),°æº¹±Ã(³»±¹ÀÎ),°æº¹±Ã(¿µ¾î±Ç),°æº¹±Ã(ÀÏ¾î±Ç),°æº¹±Ã(Áß¾î±Ç),°æº¹±Ã(±âÅ¸¿Ü±¹ÀÎ),Ã¢´ö±Ã(À¯·á),Ã¢´ö±Ã(¹«·á),Ã¢´ö±Ã(³»±¹ÀÎ),Ã¢´ö±Ã(¿µ¾î±Ç),Ã¢´ö±Ã(ÀÏ¾î±Ç),Ã¢´ö±Ã(Áß¾î±Ç),Ã¢´ö±Ã(±âÅ¸¿Ü±¹ÀÎ),Ã¢°æ±Ã(À¯·á),Ã¢°æ±Ã(¹«·á),Ã¢°æ±Ã(³»±¹ÀÎ),Ã¢°æ±Ã(¿µ¾î±Ç),Ã¢°æ±Ã(ÀÏ¾î±Ç),Ã¢°æ±Ã(Áß¾î±Ç),Ã¢°æ±Ã(±âÅ¸¿Ü±¹ÀÎ),´ö¼ö±Ã(À¯·á),´ö¼ö±Ã(¹«·á),´ö¼ö±Ã(³»±¹ÀÎ),´ö¼ö±Ã(¿µ¾î±Ç),´ö¼ö±Ã(ÀÏ¾î±Ç),´ö¼ö±Ã(Áß¾î±Ç),´ö¼ö±Ã(±âÅ¸¿Ü±¹ÀÎ),Á¾¹¦(À¯·á),Á¾¹¦(¹«·á),Á¾¹¦(³»±¹ÀÎ),Á¾¹¦(¿µ¾î±Ç),Á¾¹¦(ÀÏ¾î±Ç),Á¾¹¦(Áß¾î±Ç),Á¾¹¦(±âÅ¸¿Ü±¹ÀÎ)
2023-01-01,6399,6115,11075,900,157,279,103,2404,686,2321,298,17,9,445,1088,644,1584,130,4,0,14,1597,3438,4240,365,30,85,315,740,321,864,147,31,2,17
2023-01-02,3410,3298,5879,545,70,176,38,0,0,0,0,0,0,0,0,0,0,0,0,0,0,0,0,0,0,0,0,0,183,99,177,80,19,2,4
2023-01-03,0,0,0,0,0,0,0,1813,721,1553,653,48,27,253,607,457,862,109,11,3,79,977,5305,5580,406,33,79,184,0,0,0,0,0,0,0
2023-01-04,3410,3648,6186,639,73,132,28,1130,516,1187,189,35,16,219,486,463,823,90,6,3,27,797,5231,5637,297,10,32,52,158,95,192,37,20,2,2
2023-01-05,2913,3181,5298,651,74,44,27,1231,554,1340,253,32,4,156,514,473,903,65,5,8,6,856,5549,5972,259,21,44,109,149,140,230,39,19,1,0
2023-01-06,2731,3180,5204,483,50,46,128,1180,584,1364,184,27,4,185,570,421,888,67,2,2,32,893,5543,5996,237,21,28,154,180,93,202,60,9,2,0
2023-01-07,4164,4048,7411,550,82,77,92,1972,690,2173,393,29,6,61,960,641,1482,72,6,7,34,1635,5218,6371,287,25,28,142,731,564,1197,83,10,0,5
2023-01-08,5099,6110,10257,619,113,170,50,2014,687,2162,142,46,13,338,851,638,1392,45,2,4,46,1557,3755,4813,245,23,15,216,706,334,929,79,25,3,4
2023-01-09,3116,3340,6020,298,58,29,51,0,0,0,0,0,0,0,0,0,0,0,0,0,0,0,0,0,0,0,0,0,208,117,267,46,6,3,3
2023-01-10,0,0,0,0,0,0,0,1928,954,2373,274,20,16,199,769,700,1321,107,2,0,39,1180,6722,7496,273,14,59,60,0,0,0,0,0,0,0
2023-01-11,2919,3598,5883,434,49,35,116,1302,608,1516,222,17,20,135,671,559,1140,42,6,8,34,1046,7240,7956,227,6,13,84,217,124,294,27,5,15,0
2023-01-12,2754,3837,6115,333,55,69,19,1419,758,1808,274,15,28,52,731,624,1231,57,6,12,49,1129,7144,7922,216,15,47,73,217,163,323,53,3,1,0
2023-01-13,1629,1745,2909,354,27,70,14,905,334,894,103,4,0,238,305,280,543,38,0,0,4,696,4022,4418,180,12,32,76,121,64,160,18,3,0,4
2023-01-14,2730,2880,5158,354,63,19,16,1457,513,1728,117,21,14,90,722,426,1064,51,1,4,28,1341,4475,5403,288,4,47,74,623,271,816,69,9,0,0
2023-01-15,2981,2962,5237,474,67,87,78,1298,545,1512,189,16,10,116,536,430,873,79,0,0,14,1010,2497,3154,202,16,38,97,378,163,455,78,5,1,2
2023-01-16,2559,3147,5279,347,34,37,9,0,0,0,0,0,0,0,0,0,0,0,0,0,0,0,0,0,0,0,0,0,181,123,253,39,9,2,1
2023-01-17,0,0,0,0,0,0,0,1298,688,1535,238,25,30,158,416,440,762,48,4,4,38,805,5337,5791,212,11,15,113,0,0,0,0,0,0,0
2023-01-18,2249,3010,4756,354,29,50,70,907,502,1068,183,10,40,108,406,467,788,76,1,1,7,829,5414,5934,215,7,7,80,145,130,238,34,2,0,1
2023-01-19,1672,1873,3023,355,20,65,82,639,364,806,135,0,11,51,334,355,627,38,0,2,22,766,5305,5809,156,5,16,85,115,125,211,26,0,3,0
2023-01-20,1568,2066,2915,498,30,89,102,795,287,895,110,5,6,66,288,249,471,42,0,2,22,507,2809,3089,159,4,7,57,98,56,126,14,4,10,0
2023-01-21,0,21158,15092,2539,568,797,2162,506,3400,3173,380,259,52,42,0,1171,1058,0,0,0,113,0,5065,4335,296,10,31,393,0,1396,1396,0,0,0,0
2023-01-22,0,51388,36741,5121,1238,2384,5904,627,7699,7142,1126,7,0,51,0,2442,2306,0,0,0,136,0,7293,6029,319,6,25,914,0,2105,2105,0,0,0,0
2023-01-23,0,72372,57847,4272,1001,2409,6843,627,9187,9130,373,88,171,52,0,2800,2677,0,0,0,123,0,8421,7710,270,21,53,367,0,4316,4316,0,0,0,0
2023-01-24,0,9876,6378,716,136,470,2176,288,1606,1222,304,94,211,63,0,396,375,0,0,0,21,0,1944,1571,89,4,4,276,0,299,299,0,0,0,0
2023-01-25,0,0,0,0,0,0,0,0,0,0,0,0,0,0,0,0,0,0,0,0,0,0,0,0,0,0,0,0,0,0,0,0,0,0,0
2023-01-26,3995,3789,6924,563,23,146,128,1710,732,1996,161,16,34,235,817,574,1308,55,0,8,20,1215,3338,4197,140,10,77,129,255,148,384,17,1,1,0
2023-01-27,2628,2391,4165,499,51,213,91,1215,395,1184,188,8,24,206,334,295,565,45,0,10,9,817,3684,4172,196,16,27,90,120,58,149,10,0,16,3
2023-01-28,3576,3799,6830,300,51,163,31,1674,563,1770,304,21,47,95,700,516,1111,72,2,16,15,1699,4005,5290,180,27,63,144,658,297,869,64,10,12,0
2023-01-29,4030,5224,8348,568,68,177,93,1755,674,1980,222,14,26,187,755,640,1331,25,0,15,24,1945,3883,5301,232,9,80,206,601,337,853,74,7,0,4
2023-01-30,2286,3286,5182,197,35,72,86,0,0,0,0,0,0,0,0,0,0,0,0,0,0,0,0,0,0,0,0,0,169,114,249,19,8,7,0
2023-01-31,0,0,0,0,0,0,0,1348,967,1800,250,30,37,198,535,725,1179,52,4,5,20,853,5828,6183,243,19,127,109,0,0,0,0,0,0,0
2023-02-01,2341,3534,5317,291,56,147,64,910,539,1164,177,13,16,79,445,480,856,22,5,10,32,663,5433,5793,163,13,24,103,165,127,252,20,20,0,0
2023-02-02,2267,2947,4783,319,57,47,8,945,517,1182,73,1,78,128,463,527,908,60,0,8,14,633,5514,5846,154,8,96,43,130,85,178,30,6,1,0
2023-02-03,2368,3189,5063,349,78,57,10,1033,578,1368,184,10,10,39,732,624,1248,83,3,4,18,839,5434,5904,190,19,123,37,199,112,272,22,10,7,0
2023-02-04,5213,6126,10819,358,74,46,42,2547,1124,3161,288,20,32,170,1803,1078,2774,89,2,2,14,1865,10195,11560,308,9,17,166,1209,552,1626,115,15,5,0
2023-02-05,5074,6456,10733,437,68,192,100,2087,922,2606,231,21,18,133,1541,1018,2409,87,3,8,52,1664,4489,5527,245,5,130,246,777,413,1078,97,7,0,8
2023-02-06,2990,3411,5642,434,89,100,136,0,0,0,0,0,0,0,0,0,0,0,0,0,0,0,0,0,0,0,0,0,169,140,244,51,11,3,0
2023-02-07,0,0,0,0,0,0,0,1537,990,1984,373,46,37,87,712,682,1290,57,13,4,30,1166,6936,7706,183,19,49,145,0,0,0,0,0,0,0
2023-02-08,2570,4046,5962,463,77,55,59,1132,669,1367,274,22,19,119,585,593,1087,62,0,2,27,810,6481,6959,153,9,30,140,181,115,239,40,4,12,1
2023-02-09,2476,3399,5314,346,111,91,13,1152,724,1524,196,16,17,123,624,687,1235,39,1,7,29,798,7226,7725,167,20,37,75,151,153,278,17,5,4,0
2023-02-10,2470,3417,5404,311,60,62,50,1048,602,1408,148,15,8,71,644,532,1081,56,2,14,23,972,5916,6488,179,11,136,74,148,128,248,25,1,2,0
2023-02-11,6054,7693,12524,798,117,184,124,2988,1284,3921,175,38,27,111,1947,1164,2974,86,14,17,20,2217,8466,10246,262,22,17,136,1403,669,1932,120,18,0,2
2023-02-12,6099,7972,13154,591,116,140,70,2219,920,2754,225,40,38,82,1140,787,1847,52,2,3,23,1687,5123,6375,287,10,57,81,880,550,1315,101,9,3,2
2023-02-13,3113,4155,6832,270,82,76,8,0,0,0,0,0,0,0,0,0,0,0,0,0,0,0,0,0,0,0,0,0,232,138,305,51,14,0,0
2023-02-14,0,0,0,0,0,0,0,2030,1187,2552,479,21,40,125,852,882,1581,70,7,6,70,944,7765,8330,264,17,16,82,0,0,0,0,0,0,0
2023-02-15,3229,4800,7417,388,86,119,19,1405,792,1828,275,13,12,69,442,764,1069,67,0,0,70,985,6433,7141,181,5,56,35,248,206,383,52,19,0,0
2023-02-16,2790,4124,6153,371,114,100,176,1213,634,1498,121,35,7,186,494,532,969,33,2,3,19,780,4583,5074,194,16,36,43,166,121,249,22,7,7,2
2023-02-17,3849,5186,8115,709,149,52,10,1746,922,2357,238,16,17,40,934,763,1550,86,9,16,36,1217,7674,8499,257,20,14,101,248,196,393,28,16,5,2
2023-02-18,6363,7864,13375,637,117,68,30,2481,1178,3264,254,13,8,120,1441,1002,2313,77,9,1,43,2018,7919,9399,378,20,47,93,1051,592,1545,88,10,0,0
2023-02-19,6298,7053,12303,752,158,96,42,2423,1152,3092,271,49,25,138,1146,885,1932,74,13,5,7,1581,4708,5840,295,24,37,93,911,479,1241,114,32,0,3
2023-02-20,3117,4088,6402,536,111,124,32,0,0,0,0,0,0,0,0,0,0,0,0,0,0,0,0,0,0,0,0,0,177,120,248,23,22,4,0
2023-02-21,0,0,0,0,0,0,0,1823,1053,2274,255,58,19,270,720,795,1359,129,2,4,21,892,7546,7955,241,22,68,152,0,0,0,0,0,0,0
2023-02-22,0,13995,10248,1139,641,753,1214,427,4547,3983,553,158,256,24,0,1306,1306,0,0,0,0,0,9996,9589,222,10,70,105,0,1643,1643,0,0,0,0
2023-02-23,3338,5152,7764,394,184,110,38,1627,804,1995,291,39,16,90,783,804,1471,84,10,0,22,1213,9571,10341,277,22,39,105,189,175,328,15,21,0,0
2023-02-24,4250,5710,8715,580,288,90,287,1839,975,2315,176,117,45,161,947,901,1740,88,5,5,10,1138,7894,8598,300,31,54,49,209,179,337,24,27,0,0
2023-02-25,7518,11950,18101,845,252,101,169,3001,1387,3830,184,60,67,247,1857,1256,2946,113,4,12,38,2202,7874,9689,170,38,59,120,1291,741,1829,162,40,1,0
2023-02-26,7623,9162,15080,1082,161,379,83,2912,1718,4009,339,42,5,235,1332,994,2153,93,17,14,49,2003,6391,7787,300,21,125,161,1104,658,1615,118,25,2,2
2023-02-27,4630,7630,11602,409,106,101,42,0,0,0,0,0,0,0,0,0,0,0,0,0,0,0,0,0,0,0,0,0,292,227,446,46,23,3,1
2023-02-28,0,0,0,0,0,0,0,2197,1451,3033,268,44,44,259,931,1091,1881,96,9,4,32,1101,7554,8264,196,10,16,169,0,0,0,0,0,0,0
2023-03-01,6166,9929,15107,651,175,108,54,2889,1447,3932,226,27,21,130,1968,1351,3206,101,0,0,12,1483,8588,9602,280,9,79,101,1115,663,1612,146,20,0,0
2023-03-02,2275,3553,5287,333,118,34,56,1044,529,1185,211,17,20,140,709,534,1146,73,14,0,10,631,5989,6234,214,30,52,90,122,81,170,22,9,2,0
2023-03-03,3058,3825,5984,619,204,48,28,1381,598,1458,288,61,5,167,1054,727,1626,90,18,14,33,1176,6982,7682,329,45,37,65,171,107,210,49,17,2,0
2023-03-04,7653,9648,15404,1192,279,138,288,3409,1532,4175,253,59,48,406,3952,1864,5656,133,8,17,2,2164,8430,10015,360,45,36,138,1437,721,1962,162,34,0,0
2023-03-05,7085,7781,13456,1007,245,107,51,3167,1550,4104,311,50,21,231,2538,1591,3972,111,20,10,16,1870,4898,6061,430,28,86,163,1092,516,1406,148,48,4,2
2023-03-06,3316,4584,6171,1104,251,226,148,0,0,0,0,0,0,0,0,0,0,0,0,0,0,0,0,0,0,0,0,0,172,115,212,48,17,10,0
2023-03-07,0,0,0,0,0,0,0,2307,1392,2745,539,154,34,227,1467,1167,2311,97,30,101,95,1261,9060,9619,412,68,35,187,0,0,0,0,0,0,0
2023-03-08,3293,2508,4449,732,352,151,117,1427,693,1534,353,79,28,126,958,770,1565,94,4,24,41,928,6960,7306,386,71,52,73,174,91,179,57,22,7,0
2023-03-09,3392,4117,6111,1007,185,47,159,1333,637,1353,278,60,60,219,1004,669,1487,136,4,16,30,777,6709,6938,387,57,37,67,135,86,166,36,14,0,5
2023-03-10,4454,5052,8220,857,262,125,42,2300,1085,2622,395,75,3,290,1735,1422,2984,121,11,7,34,1363,9457,10219,446,32,23,100,237,173,297,78,31,3,1
2023-03-11,9326,10569,18151,1176,357,103,108,4355,2144,5732,508,61,13,185,5062,2537,7317,179,10,6,87,3015,9320,11474,550,57,57,197,1635,868,2237,216,40,3,7
2023-03-12,3118,2643,4486,872,153,176,74,1575,546,1665,265,43,3,145,951,568,1394,105,7,4,9,768,2086,2464,201,48,33,108,411,188,478,64,49,0,8
2023-03-13,4787,4438,6951,1377,333,308,256,0,0,0,0,0,0,0,0,0,0,0,0,0,0,0,0,0,0,0,0,0,241,99,216,88,33,1,2
2023-03-14,0,0,0,0,0,0,0,3105,1432,2942,923,101,50,521,1481,1117,2219,188,26,34,131,1437,8648,9035,602,65,187,196,0,0,0,0,0,0,0
2023-03-15,4175,5699,7897,1111,370,241,255,1914,917,2038,580,66,8,139,1106,803,1715,82,12,12,88,894,6940,7226,336,49,119,104,207,159,266,65,29,2,4
2023-03-16,3967,5697,8365,741,267,200,91,1903,1013,2078,489,70,7,272,1147,899,1811,141,6,15,73,1002,7704,7910,475,74,80,167,198,176,294,68,11,1,0
2023-03-17,4633,5066,8324,847,314,164,50,2456,1183,2820,550,56,30,183,1783,1350,2836,160,7,55,75,1281,8264,8954,360,26,68,137,230,153,281,60,30,12,0
2023-03-18,10029,12012,20133,1163,354,130,261,5376,2587,6888,630,95,21,329,5378,3079,8174,232,16,7,28,3131,11000,13086,605,62,130,248,1785,890,2384,235,45,4,7
2023-03-19,9510,12008,19274,1161,555,148,380,4685,2265,5835,721,109,39,246,3679,2323,5633,228,37,13,91,2611,6664,8372,629,78,15,181,1324,596,1575,278,64,0,3
2023-03-20,5487,5644,8824,1398,424,327,158,0,0,0,0,0,0,0,0,0,0,0,0,0,0,0,0,0,0,0,0,0,271,123,209,112,67,4,2
2023-03-21,0,0,0,0,0,0,0,3818,1896,4079,1204,88,15,328,1948,1442,3004,276,20,39,51,1831,9421,10331,578,81,113,149,0,0,0,0,0,0,0
2023-03-22,5238,6765,10064,1028,380,285,246,3067,1461,3540,674,39,21,254,1784,1427,2984,164,9,11,43,1682,9357,10200,426,74,188,151,200,181,304,61,13,1,2
2023-03-23,4468,5286,7970,1384,185,112,103,2801,1353,3274,521,57,37,265,1570,1229,2548,140,6,4,101,1581,8489,9313,465,28,44,220,209,138,248,71,19,5,4
2023-03-24,5852,5731,9865,1083,200,402,33,3788,2039,4689,842,54,18,224,2449,1997,4134,216,11,24,61,1844,9226,10274,502,43,122,129,276,215,361,88,30,6,6
2023-03-25,11482,13967,23237,1542,416,172,82,9539,5285,13526,683,90,27,498,7660,4681,12035,205,18,4,79,3897,10968,13891,705,50,13,206,1799,836,2279,307,28,0,21
2023-03-26,11310,12603,21278,1672,440,139,384,10194,8207,17221,834,71,35,240,7216,4863,11737,239,12,3,88,3510,7205,9802,638,40,31,204,1600,760,1970,306,74,1,9
2023-03-27,6529,6805,11168,1498,366,252,50,0,0,0,0,0,0,0,0,0,0,0,0,0,0,0,0,0,0,0,0,0,395,253,420,147,60,20,1
2023-03-28,0,0,0,0,0,0,0,6543,4462,8758,1515,152,66,514,3380,2865,5801,312,32,22,78,2450,10059,11303,757,132,76,241,0,0,0,0,0,0,0
2023-03-29,0,32251,18623,4493,2377,2588,4170,1115,21032,18719,1964,681,654,129,0,13833,13833,0,0,0,0,0,20940,19660,752,81,59,388,0,2293,2293,0,0,0,0
2023-03-30,6112,8889,13324,1052,280,202,143,6271,4493,9471,710,91,38,454,6355,3455,9481,307,5,3,14,3453,11336,13866,636,64,76,147,304,325,522,76,19,7,5
2023-03-31,7384,10735,15586,1638,226,431,238,6497,5079,10159,892,56,7,462,5323,4201,9162,275,14,22,51,5066,11897,15829,747,52,78,257,311,229,388,111,24,9,8
2023-04-01,13720,16379,27490,1665,284,520,140,11583,7938,18170,735,71,123,422,10923,7088,17531,339,11,17,113,8224,12811,19906,781,54,99,195,2185,1118,2864,400,17,3,19
2023-04-02,12375,15571,25126,2058,273,294,195,10725,9211,18327,1184,28,42,355,8803,5930,14235,307,6,65,120,6903,9049,14761,775,81,92,243,1535,749,1818,413,36,4,13
2023-04-03,8532,14678,19799,2545,268,333,265,0,0,0,0,0,0,0,0,0,0,0,0,0,0,0,0,0,0,0,0,0,375,197,348,172,38,12,2
2023-04-04,0,0,0,0,0,0,0,5721,4124,6935,2295,54,106,455,3113,2802,5056,511,8,98,242,3355,10418,12362,986,46,227,152,0,0,0,0,0,0,0
2023-04-05,4666,3339,7249,530,39,84,103,1354,501,1255,353,15,23,209,436,385,634,106,5,46,30,620,2555,2658,315,11,101,90,179,48,102,113,4,8,0
2023-04-06,8157,7373,13154,1467,68,520,321,3016,1411,2815,672,35,139,766,1065,1070,1735,305,5,27,63,1158,4873,4948,807,7,13,256,270,91,150,185,20,6,0
2023-04-07,11889,16699,24689,3182,145,227,345,4664,2991,5624,1218,50,10,753,2604,2414,4318,486,18,99,97,2506,10495,11512,1127,27,94,241,351,222,376,163,18,12,4
2023-04-08,15480,16426,28488,2281,165,735,237,7279,5057,10588,1145,37,44,522,6203,4407,9922,438,3,57,190,4373,9118,12049,1043,44,124,231,2135,985,2549,481,53,5,32
2023-04-09,14019,13308,24424,2048,127,200,528,6349,3157,7574,1072,54,41,765,4580,3193,7250,460,4,18,41,3603,7664,9576,1135,103,133,320,1695,917,2143,416,22,1,30
2023-04-10,7526,10940,15714,2181,86,232,253,0,0,0,0,0,0,0,0,0,0,0,0,0,0,0,0,0,0,0,0,0,403,205,374,207,16,7,4
2023-04-11,0,0,0,0,0,0,0,2610,2632,3665,782,23,14,758,930,644,1293,243,2,24,12,1095,4941,5250,574,17,137,58,0,0,0,0,0,0,0
2023-04-12,9812,12618,19271,2100,158,473,428,3717,3577,5215,1059,55,49,916,1666,1579,2706,494,4,23,18,1456,8289,8672,735,16,59,263,339,263,365,195,23,4,15
2023-04-13,8312,11010,17345,1552,98,128,199,3198,2183,3697,746,17,66,855,1549,1336,2426,438,0,2,19,1448,7857,8292,830,35,18,130,313,391,506,178,7,9,4
2023-04-14,9357,11607,18209,1798,128,467,362,3811,2166,4283,864,24,16,790,2061,1620,3205,343,6,18,109,2229,9735,10659,856,57,132,260,352,167,346,129,15,12,17
2023-04-15,10943,9254,17837,1578,195,467,120,5125,2155,6094,735,19,55,377,3536,1991,5310,173,2,2,40,2685,6947,8642,713,43,30,204,1308,584,1616,233,18,5,20
2023-04-16,12767,12314,22405,1767,229,186,494,5146,2476,5764,864,79,19,896,2746,1907,4168,459,2,4,20,2655,6006,7076,899,258,93,335,1313,662,1504,415,43,8,5
2023-04-17,6611,9456,13348,2303,114,190,112,0,0,0,0,0,0,0,0,0,0,0,0,0,0,0,0,0,0,0,0,0,407,226,440,172,15,4,2
2023-04-18,0,0,0,0,0,0,0,3205,2863,4392,1201,42,53,380,1277,1158,2085,285,11,5,49,1729,6561,7243,721,53,52,221,0,0,0,0,0,0,0
2023-04-19,8151,10568,16864,1252,131,318,154,3864,2648,4738,1088,26,12,648,1925,1603,3141,337,4,8,38,2332,10389,11766,770,45,44,96,335,251,387,159,28,3,9
2023-04-20,8285,10506,16959,1099,119,345,269,3412,1751,3510,1122,14,11,506,1331,1247,2309,247,1,4,17,1688,9349,10146,676,54,21,140,308,259,416,83,12,14,42
2023-04-21,8531,10290,16451,1624,135,175,436,3809,2101,4323,976,26,23,562,1982,1536,3169,286,7,12,44,2491,10390,12091,560,52,50,128,295,211,374,99,28,2,3
2023-04-22,14047,14053,25080,2064,251,479,226,6276,2662,7446,897,39,28,528,4727,2812,7147,344,6,5,37,4112,9751,12784,779,39,18,243,1767,772,2148,282,34,3,72
2023-04-23,12460,12628,23078,1310,207,161,332,5572,2597,6400,1227,44,10,488,3011,1799,4351,368,5,25,61,2901,7356,9219,747,60,6,225,1413,634,1641,345,15,5,41
2023-04-24,6483,12645,15949,2036,128,704,311,0,0,0,0,0,0,0,0,0,0,0,0,0,0,0,0,0,0,0,0,0,349,191,333,164,30,7,6
2023-04-25,0,0,0,0,0,0,0,3065,2108,3437,973,31,26,706,1066,969,1610,333,3,42,47,1114,5215,5438,594,51,64,182,0,0,0,0,0,0,0
2023-04-26,0,34721,26245,4821,873,758,2024,1455,6364,5136,2215,129,104,235,0,2366,2366,0,0,0,0,0,12320,10971,963,48,55,283,0,1955,1955,0,0,0,0
2023-04-27,5838,11148,15252,1199,73,136,326,3662,2186,4316,1082,29,27,394,1744,1373,2687,363,3,20,44,1950,11450,12404,789,44,48,115,248,380,500,92,11,18,7
2023-04-28,6492,16700,21419,1317,85,309,62,4116,2492,4876,1218,31,24,459,1961,2104,3643,301,5,17,99,2310,10888,7750,689,22,76,4661,972,479,1076,355,10,1,9
2023-04-29,7675,7076,12823,934,143,706,145,3537,1840,4577,396,18,30,356,2227,1619,3629,183,3,13,18,2255,5713,5632,584,31,101,1620,914,325,1040,155,22,6,16
2023-04-30,14787,18085,29056,2240,346,1129,101,6928,3681,8378,1514,67,59,591,4018,2340,5823,399,22,32,82,3874,8287,8414,973,66,95,2613,2303,1066,2807,463,55,13,31
2023-05-01,12468,19807,28517,2278,399,582,499,4099,1766,4632,900,72,36,225,1723,1133,2539,236,9,0,72,1442,2596,3751,195,18,32,42,2481,1226,3213,381,82,5,26
2023-05-02,3058,2950,4904,699,109,254,42,4488,3545,5221,2069,101,85,557,1760,2395,3672,301,10,28,144,1983,10503,11036,979,108,88,275,575,309,564,223,38,9,50
2023-05-03,9644,18495,25261,1642,587,286,363,3957,2434,4357,1486,112,11,425,1755,2068,3343,357,22,10,91,2162,9679,10956,590,92,57,146,716,395,715,226,88,2,80
2023-05-04,8484,13511,18631,1790,982,546,46,3800,3658,5598,1029,277,15,539,1360,2448,3370,344,26,7,61,1713,9302,10202,583,107,42,81,814,439,792,230,160,5,66
2023-05-05,5838,7037,10840,597,440,227,771,2432,1081,2679,408,146,7,273,885,654,1389,86,13,33,18,1066,3146,3698,333,46,78,57,625,344,743,137,68,6,15
2023-05-06,7858,5948,12472,701,277,181,175,2479,1092,2890,413,38,14,216,1541,2647,4039,134,3,5,7,1860,3625,4850,436,17,84,98,762,313,864,132,61,0,18
2023-05-07,12375,14297,23972,1787,294,549,70,5048,2622,5840,1542,44,26,218,2473,1571,3538,398,14,29,65,3023,6858,8500,872,66,115,328,0,8168,8168,0,0,0,0
2023-05-08,5661,10379,13377,1737,162,138,626,0,0,0,0,0,0,0,0,0,0,0,0,0,0,0,0,0,0,0,0,0,355,422,557,169,23,11,17
2023-05-09,0,0,0,0,0,0,0,4459,2942,5263,1690,25,18,405,1798,2528,3806,431,12,8,69,2047,10026,7032,810,58,97,4076,0,0,0,0,0,0,0
2023-05-10,7607,13766,19666,1268,188,163,88,3034,2349,4227,854,26,13,263,1424,1515,2672,154,2,43,68,1739,10094,11138,549,35,11,100,342,208,418,100,24,1,7
2023-05-11,7864,11363,17865,1022,102,137,101,2970,2027,3930,736,40,26,265,1402,1811,2926,241,6,24,16,1776,10334,11505,463,19,47,76,277,218,338,105,22,9,21
2023-05-12,8712,14989,22135,861,199,350,156,3483,3072,5425,767,67,2,294,1650,3292,4742,165,4,10,21,2107,10645,11748,674,60,90,180,459,333,576,158,34,17,7
2023-05-13,13877,16097,27510,1439,271,561,193,5598,2799,7043,928,73,29,324,4070,2259,6010,235,9,15,60,3760,10206,12909,760,72,50,175,1673,872,2180,253,58,0,54
2023-05-14,11461,12411,22391,1033,277,144,27,4695,2275,5527,1112,60,30,241,2444,1685,3865,185,4,6,69,2886,6976,8742,787,60,97,176,1336,683,1706,244,29,4,36
2023-05-15,5245,13411,16405,1389,158,378,326,0,0,0,0,0,0,0,0,0,0,0,0,0,0,0,0,0,0,0,0,0,366,145,323,144,31,6,7
2023-05-16,0,0,0,0,0,0,0,4100,3050,4833,1831,156,28,302,1248,1722,2645,224,17,10,74,1423,8897,9572,565,49,30,104,0,0,0,0,0,0,0
2023-05-17,8150,15574,21710,1571,218,131,94,3087,1753,3423,1180,47,11,179,1104,1510,2341,211,6,8,48,1469,9309,10163,455,17,5,138,252,151,256,117,21,0,9
2023-05-18,7133,10436,15061,1080,171,277,980,2909,1800,3430,994,47,34,204,1018,1210,1938,249,6,0,35,1491,7292,7999,583,44,31,126,252,165,284,98,24,5,6
2023-05-19,8804,11935,18786,1351,217,158,227,3681,2359,4604,1044,33,15,344,1663,2163,3480,259,8,2,77,1829,10829,11918,559,65,35,81,316,320,468,117,42,8,1
2023-05-20,13288,13766,23497,2769,384,266,138,5145,2358,5861,1107,103,43,389,3414,2059,5171,223,9,3,67,3587,9505,12197,696,64,26,109,1515,940,2008,361,59,5,22
2023-05-21,11495,13369,22989,1141,237,234,263,4620,2273,5370,977,66,11,469,2394,1777,3868,257,16,21,9,2550,6619,8237,628,66,20,218,1146,712,1511,274,46,12,15
2023-05-22,5097,9712,13391,1077,116,105,120,0,0,0,0,0,0,0,0,0,0,0,0,0,0,0,0,0,0,0,0,0,351,146,341,111,26,0,19
2023-05-23,0,0,0,0,0,0,0,3624,2701,4529,1365,47,54,330,1655,1104,2433,262,11,35,18,2065,9098,10086,830,27,61,159,0,0,0,0,0,0,0
2023-05-24,8409,13830,19867,1761,234,186,191,2822,1828,3387,850,57,11,345,1405,936,2079,200,13,44,5,1921,10189,11462,493,23,14,118,337,115,275,111,46,13,7
2023-05-25,7786,10399,16482,1351,131,122,99,2664,1597,2981,953,30,22,275,1170,1197,2142,201,7,3,14,1710,8811,9670,593,50,66,142,310,175,335,112,27,2,9
2023-05-26,8290,10471,15998,1827,326,339,271,2626,1745,3361,691,38,24,257,1383,1078,2144,269,21,22,5,1891,8846,9924,552,59,102,100,347,228,380,115,44,18,18
2023-05-27,10536,8849,17463,1348,251,158,165,2819,1122,3136,454,84,20,247,1591,974,2436,119,0,2,8,1757,4446,5613,410,52,52,76,871,360,990,162,49,6,24
2023-05-28,6921,4928,10528,873,196,110,142,2396,833,2605,398,52,10,164,1140,637,1662,84,5,14,12,1518,3904,4945,264,56,19,138,693,301,846,98,21,0,29
2023-05-29,8627,11099,17055,2271,200,190,10,2794,1576,3626,570,16,5,153,1606,1027,2416,174,3,14,26,2078,6136,7166,691,49,66,242,1370,703,1715,281,30,0,47
2023-05-30,0,0,0,0,0,0,0,0,0,0,0,0,0,0,0,0,0,0,0,0,0,25,0,25,0,0,0,0,0,0,0,0,0,0,0
2023-05-31,2727,42780,36882,4121,534,1206,2764,1127,5406,4684,1280,175,265,129,0,4363,4363,0,0,0,0,0,13208,11820,879,70,187,252,0,2118,2118,0,0,0,0
2023-06-01,4458,10579,12894,1031,102,88,922,2325,1641,2930,668,8,20,340,1063,1385,2145,246,9,22,26,1421,9172,9686,573,82,33,219,270,257,374,123,15,11,4
2023-06-02,4796,9403,12310,1558,121,126,84,2429,1755,3088,713,35,14,334,1232,1725,2649,282,6,8,12,1762,8380,9203,603,51,44,241,245,140,242,103,26,14,0
2023-06-03,10485,12176,19477,1765,315,529,575,4060,2097,4854,798,68,30,407,3262,1946,4881,233,21,39,34,3603,9081,11563,698,69,114,240,1535,811,1928,355,48,5,10
2023-06-04,10787,14252,22373,1364,288,568,446,4057,1942,4840,688,92,29,350,2835,1814,4329,271,13,18,18,3591,7156,9814,612,50,52,219,1425,674,1712,334,33,11,9
2023-06-05,8367,10419,16435,1603,219,437,92,0,0,0,0,0,0,0,0,0,0,0,0,0,0,0,0,0,0,0,0,0,565,278,650,143,35,10,5
2023-06-06,6833,9432,15295,534,98,109,229,4342,2502,5402,973,40,36,393,2842,1842,4280,330,15,3,56,2894,7744,9605,698,39,57,239,1355,810,1932,170,24,9,30
2023-06-07,0,0,0,0,0,0,0,2906,2797,4314,916,34,19,420,1143,1360,2162,231,16,11,83,1513,8726,9259,639,128,24,189,0,0,0,0,0,0,0
2023-06-08,4612,7406,10318,1342,116,206,36,1849,981,2002,574,24,4,226,764,701,1297,139,4,9,16,1175,6789,7245,473,75,40,131,283,166,322,68,24,16,19
2023-06-09,6813,7624,12051,1675,224,303,184,2411,1231,2405,976,49,8,204,1132,812,1622,272,11,18,21,1563,7101,7783,596,55,28,202,272,138,279,83,38,4,6
2023-06-10,8070,9977,14718,2123,340,789,77,3427,1736,3890,773,94,30,376,2010,1196,2904,192,28,14,68,2704,6754,8502,628,96,68,164,1154,567,1418,188,40,6,69
2023-06-11,7398,7776,12641,1276,391,645,221,3039,1262,3249,753,81,34,184,1711,966,2310,284,11,27,45,2221,5007,6372,503,96,9,248,1164,491,1295,264,63,25,8
2023-06-12,5344,8095,10825,1616,301,319,378,0,0,0,0,0,0,0,0,0,0,0,0,0,0,0,0,0,0,0,0,0,292,122,237,119,43,12,3
2023-06-13,0,0,0,0,0,0,0,2980,2252,3429,1261,83,51,408,1228,1110,1861,354,14,54,55,1747,8431,9336,543,112,22,165,0,0,0,0,0,0,0
2023-06-14,4793,8227,9303,1865,273,862,717,1919,1296,2288,518,46,4,359,741,960,1488,168,11,10,24,1310,6629,7326,346,54,14,199,175,119,189,65,37,3,0
2023-06-15,5240,7841,11155,1345,177,307,97,2214,1145,2293,679,50,4,333,930,938,1573,254,10,3,28,1585,8395,9115,492,49,138,186,313,295,442,88,43,31,4
2023-06-16,5249,8385,11419,1633,258,216,108,2352,1066,2217,869,73,9,250,1092,820,1588,259,11,0,54,1849,7798,8826,520,49,69,183,266,176,279,118,36,3,6
2023-06-17,8194,9276,14717,1688,392,634,39,3320,1806,3934,713,114,56,309,2313,1268,3340,223,1,9,8,3394,7480,9838,676,67,116,177,1152,607,1363,242,68,22,64
2023-06-18,6697,7678,11907,1443,409,424,192,2934,1221,2974,926,73,25,157,1317,883,1844,276,8,38,34,2296,3604,4969,540,94,129,168,789,376,819,214,74,16,42
2023-06-19,4863,6627,9058,1850,205,311,66,0,0,0,0,0,0,0,0,0,0,0,0,0,0,1212,0,1212,0,0,0,0,189,101,134,125,21,9,1
2023-06-20,0,0,0,0,0,0,0,3027,1760,2705,1488,79,77,438,1115,1033,1609,347,14,98,80,1554,5803,6330,635,112,95,185,0,0,0,0,0,0,0
2023-06-21,4013,5606,7191,1295,193,470,470,1452,957,1532,497,22,11,347,720,505,1008,150,2,26,39,994,4850,5213,459,30,31,111,221,112,188,97,33,4,11
2023-06-22,4485,13252,15324,1496,135,481,301,2652,1260,2675,717,35,74,411,1174,986,1832,202,16,71,39,1553,7297,8087,495,64,49,155,237,177,263,109,18,21,3
2023-06-23,6108,7326,10310,2169,186,691,78,2498,1019,2234,793,57,48,385,1174,824,1698,242,10,27,21,1729,8139,8935,478,75,29,351,250,144,260,70,45,12,7
2023-06-24,7977,9395,15102,1372,339,462,97,3234,1431,3405,1002,25,37,196,1940,1371,3043,199,9,15,45,2854,5715,7543,543,49,94,340,1139,439,1154,311,67,4,42
2023-06-25,6735,9827,14190,1359,329,545,139,2697,1112,2731,709,89,49,231,1168,735,1607,208,19,30,39,1858,4133,5021,549,105,76,240,659,376,757,161,43,8,66
2023-06-26,3614,4311,7088,597,93,147,0,0,0,0,0,0,0,0,0,0,0,0,0,0,0,0,0,0,0,0,0,0,126,43,73,68,19,7,2
2023-06-27,0,0,0,0,0,0,0,3145,1913,2369,1927,57,51,654,1158,962,1585,415,20,15,85,1991,6619,7601,694,85,52,178,0,0,0,0,0,0,0
2023-06-28,0,25442,17329,2987,650,1180,3296,632,4870,2777,1749,512,350,114,0,2959,2959,0,0,0,0,0,9415,8440,616,31,56,272,0,1810,1810,0,0,0,0
2023-06-29,1625,1351,2722,182,25,45,2,537,356,636,154,10,13,80,103,148,219,27,0,0,5,448,2044,2247,133,7,44,61,74,38,73,16,18,0,5
2023-06-30,5511,6202,8796,2088,200,231,398,1880,975,1737,937,30,18,133,885,605,1176,226,20,7,61,1255,5101,5433,631,64,56,172,192,87,148,88,34,6,3
2023-07-01,5718,6848,10174,1656,254,450,32,2392,928,2168,873,38,44,197,0,3377,3377,0,0,0,0,1749,4273,5239,473,48,82,180,621,258,630,201,38,7,3
2023-07-02,6257,7421,11773,1081,220,489,115,2360,917,1951,1006,76,51,193,0,2489,2489,0,0,0,0,1742,3373,4238,570,70,33,204,608,277,578,248,38,13,8
2023-07-03,4134,5377,7506,1191,156,227,431,0,0,0,0,0,0,0,0,0,0,0,0,0,0,0,0,0,0,0,0,0,170,57,89,97,21,18,2
2023-07-04,0,0,0,0,0,0,0,1910,915,1361,1096,42,70,256,0,1370,1370,0,0,0,0,842,3781,4057,375,17,79,95,0,0,0,0,0,0,0
2023-07-05,4770,6779,8624,1572,186,687,480,1701,899,1326,1038,32,63,141,851,622,1184,238,9,0,42,1353,6334,6833,647,63,63,81,197,115,172,75,31,11,23
2023-07-06,4226,6113,8287,1293,161,514,84,1494,647,1085,847,19,62,128,659,629,1046,168,8,16,50,1083,4013,4374,515,55,63,89,150,77,132,48,15,8,24
2023-07-07,4980,5836,8158,1755,267,296,340,1606,978,1288,1041,81,18,156,811,555,1114,199,14,3,36,1316,4949,5394,595,115,25,136,203,106,168,94,42,1,4
2023-07-08,7024,8577,12638,1886,379,398,300,2868,1186,2636,1016,99,50,253,1704,1149,2562,269,17,0,5,2184,5622,6696,624,141,98,247,943,386,1050,148,50,14,67
2023-07-09,3851,4345,6043,1201,266,405,281,1458,593,1251,497,75,25,203,838,491,1158,157,6,2,6,1238,2366,2783,457,69,86,209,527,171,478,165,46,5,4
2023-07-10,4836,6317,8583,1431,245,652,242,0,0,0,0,0,0,0,0,0,0,0,0,0,0,0,0,0,0,0,0,0,268,116,194,121,44,18,7
2023-07-11,0,0,0,0,0,0,0,1140,607,764,647,43,14,279,374,238,427,143,15,1,26,782,2597,2768,371,27,153,60,0,0,0,0,0,0,0
2023-07-12,5789,7795,10506,1894,268,781,135,3008,947,2638,870,52,33,362,785,570,931,402,10,0,12,1245,5430,5683,705,92,80,115,202,86,152,71,30,9,26
2023-07-13,1854,2320,3202,602,98,122,150,768,508,807,310,5,9,145,279,282,431,106,5,0,19,370,2307,2326,210,54,28,59,96,27,54,45,16,5,3
2023-07-14,3178,3396,4115,1499,202,286,472,900,484,836,436,42,12,58,373,277,446,191,7,0,6,803,2462,2660,343,91,12,159,140,59,85,80,17,12,5
2023-07-15,6031,5667,8364,1989,461,780,104,2112,849,1856,774,53,24,254,1114,632,1397,274,32,6,37,1584,4570,5062,653,158,55,226,790,293,649,331,52,15,36
2023-07-16,7919,7045,8515,2586,886,1602,1375,2532,1317,2307,1033,109,20,380,1040,795,1416,348,14,14,43,1544,3506,4030,541,134,79,266,853,388,831,229,103,1,77
2023-07-17,7898,5623,11283,1235,262,324,417,0,0,0,0,0,0,0,0,0,0,0,0,0,0,969,0,969,0,0,0,0,286,95,166,133,59,15,8
2023-07-18,0,0,0,0,0,0,0,2154,1047,1529,1287,70,60,255,835,999,1425,364,10,4,31,1235,3877,4279,504,95,45,189,0,0,0,0,0,0,0
2023-07-19,12773,6620,15882,1839,236,817,619,1666,798,1270,1023,27,40,104,769,557,1049,275,0,0,2,1297,4738,5135,536,79,166,119,186,63,124,90,15,16,4
2023-07-20,4104,5454,6760,1525,181,603,489,1344,643,988,614,33,45,307,583,513,849,217,4,11,15,1157,4502,4873,579,49,95,63,166,74,117,98,6,3,16
2023-07-21,3937,5230,6950,1289,189,373,366,1473,878,1422,702,53,20,154,631,463,876,187,2,6,23,1089,3611,4073,431,65,69,62,166,48,104,67,28,7,8
2023-07-22,5595,6128,8961,1323,367,655,417,2090,937,1844,926,47,72,138,762,598,1143,206,5,3,3,1384,3722,4207,676,61,23,139,714,343,676,249,40,4,88
2023-07-23,3339,3236,4967,1101,169,267,71,1176,567,1133,435,12,20,143,645,332,788,169,5,1,14,1006,1959,2295,391,67,16,196,392,152,358,81,44,18,43
2023-07-24,5856,6219,9355,1567,377,539,237,0,0,0,0,0,0,0,0,0,0,0,0,0,0,0,0,0,0,0,0,0,274,157,198,174,48,6,5
2023-07-25,0,0,0,0,0,0,0,2637,1230,1965,1411,53,42,396,1035,766,1336,390,24,14,37,1432,4876,5258,769,103,43,135,0,0,0,0,0,0,0
2023-07-26,0,23612,12884,5363,1031,1184,3150,671,3606,2399,1214,218,390,56,0,2830,2830,0,0,0,0,0,8493,7031,1114,53,54,241,0,1283,1283,0,0,0,0
2023-07-27,4475,9602,10546,2428,211,586,306,1684,1179,1647,876,26,18,296,824,758,1354,198,8,4,18,1504,4338,4904,643,39,37,219,198,102,156,71,23,12,38
2023-07-28,4949,7431,10175,1284,227,638,56,1599,710,1283,913,13,4,96,857,603,1149,256,5,3,47,1258,3660,4156,551,30,67,114,163,92,162,72,15,3,3
2023-07-29,6877,7823,11145,2458,342,505,250,2224,1204,1801,1233,55,15,324,1385,785,1850,247,9,10,54,1893,3514,4329,825,68,43,142,608,332,590,293,44,12,1
2023-07-30,6371,7964,7102,3338,497,908,2490,2022,1193,2138,769,83,21,204,959,614,1245,306,4,16,2,1478,2749,3156,682,113,80,196,459,293,375,257,44,11,65
2023-07-31,6608,8510,11650,1793,371,807,497,0,0,0,0,0,0,0,0,0,0,0,0,0,0,0,0,0,0,0,0,0,257,96,212,94,29,14,4
2023-08-01,0,0,0,0,0,0,0,2641,1440,2404,1407,46,34,190,1176,852,1652,313,8,14,41,1701,3485,4216,652,113,88,117,0,0,0,0,0,0,0
2023-08-02,5819,6239,9444,1208,352,793,261,1526,704,1346,550,58,24,252,865,574,1209,206,0,6,18,1374,3084,3838,384,46,58,132,246,121,235,54,33,14,31
2023-08-03,4884,5408,7772,1114,301,620,485,1510,715,1267,734,47,34,143,802,558,1136,199,16,0,9,1520,3502,4372,412,45,56,137,169,74,133,67,41,2,0
2023-08-04,4533,4975,7250,1188,369,448,253,1471,678,1030,739,54,16,310,809,558,1126,201,4,8,28,1486,3299,4043,497,41,71,133,181,70,134,77,36,4,0
2023-08-05,5090,4644,7287,1296,380,517,254,1772,634,1220,842,95,42,207,930,627,1286,249,3,0,19,1567,2859,3492,575,109,101,149,431,174,354,183,55,5,8
2023-08-06,5002,4724,7040,1152,456,763,315,1542,622,1240,714,53,20,137,869,496,1043,294,9,9,10,1330,2529,2953,482,169,101,154,388,200,349,125,46,14,54
2023-08-07,4112,5019,6810,1077,446,761,37,0,0,0,0,0,0,0,0,0,0,0,0,0,0,0,0,0,0,0,0,0,352,213,266,239,51,7,2
2023-08-08,0,0,0,0,0,0,0,2394,1588,1771,1772,115,27,297,906,799,1131,476,42,30,26,1276,3189,3636,495,86,44,204,0,0,0,0,0,0,0
2023-08-09,5623,7435,10079,1252,548,747,432,1903,1214,1577,989,109,23,419,759,985,1232,303,12,4,193,1143,5567,5571,573,73,18,475,448,182,286,175,107,8,54
2023-08-10,1379,1547,1336,460,184,163,783,454,228,327,207,28,11,109,113,117,150,44,4,22,10,202,837,828,115,26,50,20,70,37,39,54,14,0,0
2023-08-11,2856,3270,4759,671,275,390,31,927,466,875,298,64,14,142,555,445,863,115,8,5,9,1019,2738,3136,384,69,42,126,289,104,234,112,36,2,9
2023-08-12,7570,8938,12372,2348,687,747,354,3029,2501,3348,1284,412,56,430,1639,1336,2545,374,37,6,13,2792,5314,6654,817,189,102,344,983,443,937,196,144,16,133
2023-08-13,8348,12884,17802,1688,749,566,427,3223,2060,3282,1207,156,42,596,1805,1675,2903,371,39,10,157,2720,4889,5900,851,223,86,549,1038,421,950,386,102,6,15
2023-08-14,6630,9745,12428,2317,727,687,216,0,0,0,0,0,0,0,0,0,0,0,0,0,0,0,0,0,0,0,0,0,677,303,492,317,143,6,22
2023-08-15,4916,6764,8984,1320,480,378,518,3011,2506,2945,1406,151,35,980,1398,1456,2326,361,57,18,92,2187,5954,6981,603,155,74,328,724,320,773,214,56,0,1
2023-08-16,0,0,0,0,0,0,0,2516,1728,2143,1508,202,55,336,994,809,1517,252,16,2,16,1551,4777,5140,785,124,93,186,0,0,0,0,0,0,0
2023-08-17,5002,6718,7264,1957,757,1362,380,1582,1093,1389,834,97,61,294,743,594,1034,251,16,4,32,1579,4651,5187,631,114,77,221,379,199,266,189,68,10,45
2023-08-18,4995,5506,5333,2505,699,754,1210,1659,840,1226,879,100,12,282,899,658,1295,205,7,2,48,1316,4407,4839,529,104,32,219,399,177,292,123,67,28,66
2023-08-19,6701,6533,8656,1968,783,1431,396,2358,950,1924,1033,68,36,247,1314,906,1814,332,34,3,37,2251,5370,6367,750,121,42,341,705,286,597,331,58,0,5
2023-08-20,5968,6393,6530,2795,806,969,1261,2298,1142,1886,1081,127,26,320,1053,835,1500,349,11,0,28,1958,3794,4689,671,97,98,197,595,281,538,248,80,3,7
2023-08-21,4905,5108,6789,1541,636,735,312,0,0,0,0,0,0,0,0,0,0,0,0,0,0,0,0,0,0,0,0,0,376,141,222,204,77,10,4
2023-08-22,0,0,0,0,0,0,0,2256,1035,1489,1484,145,49,124,637,539,815,309,7,4,41,1196,3540,3777,370,169,32,388,0,0,0,0,0,0,0
2023-08-23,3281,3112,4255,891,444,646,157,729,489,604,489,64,9,52,334,295,457,137,10,4,21,668,1971,2131,214,120,78,96,282,109,136,163,84,4,4
2023-08-24,5460,5296,6621,1991,546,1091,507,1728,840,1308,990,92,31,147,792,701,1123,319,21,11,19,1439,5974,6134,720,160,96,303,535,184,378,255,67,9,10
2023-08-25,5941,5716,8705,1361,518,700,373,1827,883,1518,982,93,48,69,863,692,1252,213,16,5,69,1669,5941,6672,660,107,50,121,487,245,439,217,65,6,5
2023-08-26,8288,8523,12471,2057,672,945,666,3093,1105,2773,1123,104,36,162,1936,1892,3426,305,33,10,54,2879,5796,7441,776,171,108,179,1059,415,1077,183,89,21,104
2023-08-27,7864,7509,11718,1864,660,877,254,2963,1398,2797,902,150,35,477,1374,948,1933,342,17,19,11,2194,4560,5613,677,144,159,161,1026,383,957,264,72,25,91
2023-08-28,3965,3981,3176,2295,548,581,1346,0,0,0,0,0,0,0,0,0,0,0,0,0,0,0,0,0,0,0,0,0,296,111,180,177,39,10,1
2023-08-29,0,0,0,0,0,0,0,1293,635,874,523,136,23,372,537,343,677,164,9,17,13,813,2222,2499,291,109,22,114,0,0,0,0,0,0,0
2023-08-30,0,21712,11568,5199,929,1375,2641,601,3858,2394,1159,451,387,68,0,2743,2743,0,0,0,0,0,9500,8287,827,109,82,195,0,1535,1535,0,0,0,0
2023-08-31,4751,6683,8367,1779,394,492,402,2039,944,1697,814,135,45,292,995,637,1346,277,0,1,8,1552,7107,7771,648,101,42,97,275,106,222,114,35,7,3
2023-09-01,8195,7451,11918,1668,559,1004,497,2202,957,1974,900,63,19,203,1112,837,1680,247,5,5,12,1832,5923,7005,531,95,97,27,272,114,244,101,34,7,0
2023-09-02,11616,9567,17039,2236,601,830,477,3590,1322,3430,1041,72,41,328,2597,1434,3564,448,4,8,7,3403,6464,9035,423,88,91,230,1170,555,1324,327,64,2,8
2023-09-03,9792,8394,11520,3764,489,1615,798,3075,1429,2881,1007,131,25,460,1495,1076,2192,336,25,14,4,2304,4415,5479,690,158,117,275,1033,439,1064,322,66,3,17
2023-09-04,5702,7736,9658,2291,521,456,512,0,0,0,0,0,0,0,0,0,0,0,0,0,0,0,0,0,0,0,0,0,292,119,205,153,38,13,2
2023-09-05,0,0,0,0,0,0,0,3332,1847,2620,1684,160,39,676,1162,858,1555,420,16,9,20,1546,5585,5950,726,112,143,200,0,0,0,0,0,0,0
2023-09-06,8172,9328,13842,2044,703,632,279,2107,1103,1711,1077,92,73,257,839,727,1253,264,12,6,31,1316,4331,4724,647,115,29,132,230,141,147,162,33,12,17
2023-09-07,8370,7506,12786,1818,472,647,153,2552,904,1883,1099,76,26,372,887,959,1523,274,26,4,19,1880,5259,6344,574,52,43,126,274,102,175,99,90,6,6
2023-09-08,7948,8779,14019,1235,531,707,235,2706,994,2052,1112,116,23,397,1098,1023,1789,306,11,13,2,1799,5607,6533,616,103,39,115,261,150,230,120,56,4,1
2023-09-09,10656,10028,16724,2151,707,618,484,3592,1807,3847,900,142,31,479,2782,1578,4042,301,4,1,12,3205,6481,8490,827,145,23,201,1202,491,1240,346,80,0,27
2023-09-10,10397,9537,16271,2003,649,511,500,3412,1328,3263,1085,99,17,276,1833,1128,2492,372,23,3,71,2645,4759,6119,755,176,100,254,1096,403,1061,218,127,7,86
2023-09-11,5537,7936,10443,1676,445,761,148,0,0,0,0,0,0,0,0,0,0,0,0,0,0,0,0,0,0,0,0,0,336,118,230,96,81,5,42
2023-09-12,0,0,0,0,0,0,0,3727,2497,3867,1644,214,32,467,1462,1102,2014,413,33,7,97,1827,7853,8322,763,192,166,237,0,0,0,0,0,0,0
2023-09-13,7088,8872,13835,1374,409,196,146,1652,901,1499,810,52,25,167,507,660,963,168,15,0,21,679,2978,3193,322,61,17,64,173,121,167,51,51,2,23
2023-09-14,9238,9246,14441,2441,616,637,349,2832,1453,2442,1353,129,51,310,1213,1285,2108,310,13,2,65,2354,6888,8279,607,94,132,130,354,116,213,136,97,4,20
2023-09-15,7393,6865,11959,1181,376,561,181,2209,1080,2069,808,126,31,255,844,1296,1877,248,8,4,3,1949,6419,7458,578,122,12,198,327,87,215,103,65,9,22
2023-09-16,11854,8211,14892,2666,1124,673,710,3656,1377,3425,1210,116,68,214,2062,1459,3112,334,37,4,34,3693,6772,8966,844,347,59,249,1402,536,1476,195,135,6,126
2023-09-17,10901,9216,15555,2163,1056,545,798,3339,1404,3255,1007,175,67,239,1638,1212,2398,431,21,0,0,3562,4892,7021,820,237,159,217,1077,413,940,312,183,5,50
2023-09-18,6866,10561,13659,2355,640,451,322,0,0,0,0,0,0,0,0,0,0,0,0,0,0,0,0,0,0,0,0,0,404,141,246,173,116,10,0
2023-09-19,0,0,0,0,0,0,0,3716,1947,3210,1403,250,100,700,1357,1379,2229,419,16,2,70,2871,7836,9473,716,122,127,269,0,0,0,0,0,0,0
2023-09-20,6173,6207,10597,904,329,420,130,1507,405,1083,392,135,23,279,392,435,707,119,0,0,1,1254,2319,3130,279,35,66,63,116,76,117,31,39,3,2
2023-09-21,9721,11391,14421,2754,682,1857,1398,2861,1288,2479,1101,81,33,455,1249,1700,2572,357,10,7,3,2568,9420,10954,648,151,68,167,326,176,300,128,30,17,27
2023-09-22,9003,11941,17268,2349,466,565,296,2857,1292,2708,918,107,10,406,1376,1286,2352,299,6,0,5,3281,9741,12096,594,134,53,145,295,259,348,114,61,6,25
2023-09-23,12087,11209,17012,3224,736,807,1517,4428,1852,4708,862,154,53,503,3104,2158,4826,400,15,11,10,5521,9316,13717,649,219,96,156,1661,624,1769,376,124,4,12
2023-09-24,10996,10421,17115,1648,625,774,1255,3961,1854,4309,963,149,25,369,2343,1706,3733,281,18,6,11,4110,6806,9661,734,189,52,280,1257,601,1507,261,77,1,12
2023-09-25,4539,8040,10157,1413,338,637,34,0,0,0,0,0,0,0,0,0,0,0,0,0,0,0,0,0,0,0,0,0,307,121,234,90,62,13,29
2023-09-26,0,0,0,0,0,0,0,1696,1064,1682,643,36,32,367,407,619,892,125,4,4,1,1244,5050,5805,382,26,38,43,0,0,0,0,0,0,0
2023-09-27,2900,12663,11381,1512,531,1142,997,848,3467,2634,1595,3,4,79,0,3024,2218,0,0,0,806,0,11911,10498,960,98,67,288,0,1266,1266,0,0,0,0
2023-09-28,2900,49619,37682,4490,1886,3535,4926,1196,10334,8121,2097,232,911,169,0,10532,8826,0,0,0,1706,0,19750,17517,1409,131,109,584,0,3667,3667,0,0,0,0
2023-09-29,2900,113361,78101,10126,5449,9054,13531,1228,23760,20239,3458,655,450,186,0,34728,31875,0,0,0,2853,0,31990,28012,1522,127,80,2249,0,6755,6755,0,0,0,0
2023-09-30,2900,108926,77305,10963,4476,9001,10081,1187,19403,17442,1874,617,493,164,0,24544,22379,0,0,0,2165,0,27787,25465,1362,104,203,653,0,5562,5562,0,0,0,0
2023-10-01,2900,135434,109997,10129,2789,7834,7585,1739,25112,23367,2994,189,75,226,0,31227,27533,0,0,0,3694,0,50250,47796,1568,113,161,612,0,7517,6504,627,274,23,89
2023-10-02,0,98355,75352,8939,1976,6996,5092,1444,24157,21242,2671,478,1076,134,0,22465,20602,0,0,0,1863,0,29967,28379,1071,114,39,364,0,7150,6385,474,207,17,67
2023-10-03,0,50295,38876,4408,724,4056,2231,1741,18927,16049,4118,123,158,220,0,15306,13759,0,0,0,1547,0,23253,21794,1077,105,56,221,0,3921,3463,284,124,10,40
2023-10-04,0,0,0,0,0,0,0,0,0,0,0,0,0,0,0,0,0,0,0,0,0,0,0,0,0,0,0,0,0,0,0,0,0,0,0
2023-10-05,8738,9399,14548,1506,266,1230,587,3280,1925,3495,1264,47,57,342,1439,1405,2494,295,6,25,24,2885,10963,12800,715,97,79,157,335,124,278,124,25,27,5
2023-10-06,8821,11264,16719,1679,452,898,337,3320,1925,3668,1214,56,83,224,1447,1925,3033,279,15,10,35,3528,11244,13651,704,119,85,213,329,231,355,129,41,33,2
2023-10-07,14847,15239,25718,2134,775,1032,427,5915,2901,6880,1426,115,163,232,3928,2826,6302,379,28,16,29,6371,11614,16356,838,352,141,298,2075,810,2304,377,172,10,22
2023-10-08,16624,17667,30498,1937,1049,517,290,5028,3917,7024,924,154,39,804,4010,2734,6354,316,19,4,51,7295,10489,16542,673,215,118,236,1929,957,2388,364,116,3,15
2023-10-09,11046,15128,21255,2346,600,572,1401,4670,2607,6245,674,74,32,252,2388,1863,3964,223,12,8,44,4004,10358,13557,545,90,65,105,1764,934,2246,366,66,8,12
2023-10-10,0,0,0,0,0,0,0,0,0,0,0,0,0,0,0,0,0,0,0,0,0,0,0,0,0,0,0,0,0,0,0,0,0,0,0
2023-10-11,9450,15551,18752,2756,381,1755,1357,3859,1948,3753,1433,112,28,481,1566,1224,2345,406,4,15,20,3621,10504,12995,669,113,128,220,352,179,338,98,52,17,26
2023-10-12,9408,12776,18776,1876,416,886,230,3707,2202,4089,1301,88,51,380,1431,1633,2698,330,9,9,18,3625,9828,12477,653,112,97,114,310,182,326,120,41,0,5
2023-10-13,10104,12643,19397,1784,572,414,580,3702,2213,3881,1417,184,59,374,1671,2172,3483,325,6,5,24,5667,14500,18941,670,186,147,223,720,307,673,200,82,9,63
2023-10-14,12355,11781,19975,2346,625,691,499,4736,1973,5190,997,77,30,415,2851,2042,4561,305,4,0,23,6835,11221,16903,764,162,64,163,1361,603,1596,243,115,1,9
2023-10-15,9601,10779,16119,2176,649,414,1022,6224,3090,6934,1607,195,61,517,3478,2675,5581,535,19,7,11,6403,9394,14182,934,277,182,222,1638,724,1869,350,112,6,25
2023-10-16,9134,17087,22307,2884,512,324,194,2183,921,1990,739,43,24,308,757,692,1275,148,8,2,16,1295,3444,4327,289,39,35,49,725,312,621,253,66,12,85
2023-10-17,3560,4542,4827,1771,193,166,1145,4864,3243,5640,1454,175,92,746,1917,2830,4314,406,17,3,7,4799,11904,14785,1132,273,209,304,556,261,569,203,27,13,5
2023-10-18,12018,20701,28433,2667,427,751,441,4353,2791,4954,1257,252,22,659,1958,2335,3854,392,9,8,30,4055,11805,14513,875,159,132,181,764,376,755,203,70,6,106
2023-10-19,9398,13504,19846,1510,250,985,311,3324,1692,3471,911,96,70,468,1097,1084,1947,216,6,3,9,2727,9052,10631,706,108,118,216,304,99,263,82,31,10,17
2023-10-20,13051,17500,26279,2420,519,957,376,5390,3128,6094,1792,95,52,485,2355,2268,4125,399,20,27,52,4620,10815,14262,693,106,43,331,595,398,724,184,76,9,0
2023-10-21,17848,20991,25526,6294,1626,2466,2927,7901,5178,10604,1318,142,139,876,5184,3691,8419,405,11,34,6,8386,14919,21836,870,204,174,221,2230,959,2688,379,104,9,9
2023-10-22,16646,19322,31257,2816,670,572,653,7425,4706,9487,1646,120,44,834,4114,2916,6608,353,5,18,46,7169,11144,16550,890,210,200,463,1869,849,2266,242,123,18,69
2023-10-23,9927,17379,21319,4054,450,603,880,0,0,0,0,0,0,0,0,0,0,0,0,0,0,0,0,0,0,0,0,0,494,231,447,155,71,16,36
2023-10-24,0,0,0,0,0,0,0,6395,5394,8497,2457,114,102,619,2421,2937,4823,420,24,13,78,5079,12630,15561,994,206,443,505,0,0,0,0,0,0,0
2023-10-25,2900,52980,36421,4613,1848,6540,6458,1725,16039,13397,2902,607,633,225,0,15425,13466,0,0,0,1959,579,26823,25598,1005,101,58,640,0,3625,2829,494,140,93,69
2023-10-26,12071,17952,25934,2428,404,796,461,5041,3376,6215,1256,115,157,674,2227,2366,4217,288,6,4,78,4142,11539,14557,628,132,146,218,316,234,400,66,31,13,40
2023-10-27,13253,18892,28261,2186,525,650,523,6135,4422,8070,1711,163,95,518,3432,3982,6891,458,15,7,43,6302,13978,18452,1022,206,229,371,587,321,646,99,114,8,41
2023-10-28,20184,24672,40320,2883,400,588,665,10439,5427,13612,1484,82,141,547,8640,5798,13811,505,25,16,81,11491,16293,25994,913,265,197,415,2831,1419,3757,320,75,25,73
2023-10-29,18842,21190,28263,4350,1524,3212,2683,9594,7845,15072,1643,137,141,446,7689,5626,12857,442,5,6,5,10057,16774,25168,907,174,163,419,2263,1190,2917,425,71,19,21
2023-10-30,10561,14093,20290,2836,423,682,423,0,0,0,0,0,0,0,0,0,0,0,0,0,0,0,0,0,0,0,0,0,598,363,611,227,106,7,10
2023-10-31,0,0,0,0,0,0,0,6964,5912,9743,1780,152,220,981,4114,4104,7368,690,10,18,132,6575,14546,19466,931,127,344,253,0,0,0,0,0,0,0
2023-11-01,7732,15608,19497,1885,424,1186,348,4838,3372,6058,1365,75,133,579,2524,2339,4457,320,7,33,46,4954,11571,15044,772,120,217,372,387,169,386,102,30,5,33
2023-11-02,8982,13044,18671,2396,500,339,120,6112,5007,8669,1590,148,293,419,4097,4365,7934,450,16,4,58,6146,14894,19572,822,233,184,229,447,281,546,120,45,9,8
2023-11-03,8033,12952,18065,1448,685,311,476,5582,3350,6872,1265,152,45,598,2859,2618,5043,325,30,20,59,5261,13560,17203,763,309,248,298,469,194,389,117,113,12,32
2023-11-04,15959,18296,29684,1856,1074,1217,424,10530,7546,15780,1113,152,207,824,9106,6253,14852,373,36,10,88,11692,18763,28620,910,370,150,405,3137,1677,4198,400,181,4,31
2023-11-05,8718,7482,12891,1373,341,1103,492,5307,2462,6020,998,107,52,592,3088,2287,5127,217,11,5,15,5374,7299,11585,676,146,78,188,1156,424,1258,177,79,37,29
2023-11-06,6414,9359,12681,1851,355,616,270,0,0,0,0,0,0,0,0,0,0,0,0,0,0,0,0,0,0,0,0,0,248,107,169,132,45,6,3
2023-11-07,0,0,0,0,0,0,0,6016,3766,6876,1776,126,252,752,2552,2799,4830,480,6,3,32,5147,8741,11952,929,109,77,821,0,0,0,0,0,0,0
2023-11-08,8528,14264,19019,2284,475,674,340,4783,3325,5996,982,153,74,903,2617,2684,4951,297,29,13,11,4619,13250,16712,566,166,68,357,434,270,513,105,49,25,12
2023-11-09,7069,9844,12819,2074,419,1222,379,4384,2677,5300,1126,98,158,379,1848,2126,3664,236,19,4,51,3797,10733,13231,668,245,160,226,354,468,671,101,32,8,10
2023-11-10,7644,9121,11769,2576,317,916,1187,4159,2452,4757,887,143,19,805,1902,1768,3410,217,8,20,15,3670,9525,12122,618,172,129,154,330,214,344,65,100,12,23
2023-11-11,10625,10879,18285,1485,490,951,293,5902,3814,7995,1092,78,66,485,3736,2621,5902,352,20,15,68,6268,11594,16311,699,271,207,374,1485,755,1813,280,102,10,35
2023-11-12,9747,9792,16515,1509,483,438,594,5053,2773,5910,1181,122,45,568,2399,1775,3791,262,19,19,83,4663,7363,10856,593,158,242,177,1117,524,1299,157,93,9,83
2023-11-13,6759,8249,8604,2873,422,1809,1300,0,0,0,0,0,0,0,0,0,0,0,0,0,0,0,0,0,0,0,0,0,378,162,316,134,78,4,8
2023-11-14,0,0,0,0,0,0,0,4624,2702,4748,1809,108,111,550,1745,2095,3368,370,33,19,50,3527,8959,10916,744,309,273,244,0,0,0,0,0,0,0
2023-11-15,7473,9225,13661,1817,454,466,300,3437,1551,3584,950,84,23,347,3328,1427,4433,283,2,4,33,3224,10564,12598,654,204,123,209,312,135,267,119,45,12,4
2023-11-16,3988,4212,6993,773,87,175,172,2014,555,1590,609,48,67,255,570,486,885,153,4,1,13,1350,2814,3743,276,56,53,36,101,56,113,23,15,5,1
2023-11-17,7150,8959,12356,2203,509,819,222,3372,1411,3179,1031,126,45,402,1074,1066,1831,239,17,14,39,2724,7977,9417,683,151,90,360,369,127,324,81,25,17,49
2023-11-18,9801,10331,16239,1613,661,1218,401,4742,1648,4551,1109,135,87,508,2422,1529,3570,271,22,26,62,4448,7927,11078,713,176,115,293,1128,539,1352,161,53,24,77
2023-11-19,9786,10178,16663,1459,566,633,643,4474,1934,4863,872,158,36,479,2555,1594,3787,317,17,5,23,4098,6981,9802,670,156,162,289,1139,572,1328,257,102,9,15
2023-11-20,6447,10364,13378,2160,473,479,321,0,0,0,0,0,0,0,0,0,0,0,0,0,0,0,0,0,0,0,0,0,322,156,286,102,63,1,26
2023-11-21,0,0,0,0,0,0,0,4255,2064,4015,1413,156,65,670,1434,1215,2202,335,30,24,58,3163,11514,13154,780,228,273,242,0,0,0,0,0,0,0
2023-11-22,6300,9352,12255,1975,392,583,447,2755,1551,3148,751,95,18,294,1085,1065,1904,214,8,6,18,2751,10529,12140,582,197,130,231,389,173,346,93,96,4,23
2023-11-23,6228,9097,11940,1947,510,604,324,2989,1268,2672,940,160,41,444,992,1040,1758,243,2,10,19,3613,9526,12178,529,154,87,191,390,135,365,100,51,9,0
2023-11-24,13286,6290,16194,1423,992,902,65,2533,1138,2437,683,248,56,247,716,769,1221,224,17,14,9,1934,7456,8620,411,151,99,109,297,63,141,69,117,2,31
2023-11-25,9340,8067,11731,1988,978,1165,1545,3558,1381,3626,669,237,58,349,1488,972,2126,202,42,39,51,3586,6772,9250,488,218,185,217,1017,456,1086,173,132,9,73
2023-11-26,8510,8652,13835,1504,552,654,617,3200,1285,3274,701,106,40,364,1220,1013,1942,253,13,11,14,3333,5758,7833,564,236,159,299,857,380,936,175,95,15,16
2023-11-27,4600,4755,7174,865,478,438,400,0,0,0,0,0,0,0,0,0,0,0,0,0,0,0,0,0,0,0,0,0,191,119,188,77,41,0,4
2023-11-28,0,0,0,0,0,0,0,2968,1183,2471,1095,91,81,413,772,885,1319,282,20,18,18,2018,6287,7289,378,144,155,339,0,0,0,0,0,0,0
2023-11-29,0,21102,11922,2194,1170,3504,2312,783,4538,3377,1001,425,412,106,0,3636,2922,0,0,0,714,0,11728,10648,507,154,96,323,0,1525,1525,0,0,0,0
2023-11-30,4112,5571,6117,2590,260,349,367,1249,682,1220,460,47,23,181,401,512,777,103,6,8,19,1402,4798,5612,279,73,161,75,132,51,98,39,42,4,0
2023-12-01,4104,6180,7779,1524,248,474,259,1344,573,1253,421,84,13,146,444,526,823,125,9,13,0,1453,5762,6635,311,62,45,162,148,52,88,54,51,4,3
2023-12-02,7113,7364,11838,1535,393,397,314,2613,955,2512,754,92,45,165,1183,821,1767,162,21,22,32,3442,7354,9747,473,201,92,283,788,400,914,151,82,31,10
2023-12-03,6771,5498,8993,1693,483,752,348,2353,981,2532,554,65,49,134,1038,735,1520,189,8,13,43,2777,4948,6640,455,143,104,383,657,312,731,172,51,11,4
2023-12-04,4590,5820,7242,1748,365,597,458,0,0,0,0,0,0,0,0,0,0,0,0,0,0,0,0,0,0,0,0,0,195,101,158,70,41,14,13
2023-12-05,0,0,0,0,0,0,0,2390,1447,2311,1120,77,29,300,781,857,1334,249,7,3,45,2012,7855,9038,399,134,81,215,0,0,0,0,0,0,0
2023-12-06,3217,5516,6213,1379,261,738,142,878,478,862,297,50,31,116,370,370,592,137,0,1,10,506,6398,6398,245,114,45,102,110,48,95,23,16,11,13
2023-12-07,4296,6781,8596,1221,356,540,364,1327,730,1372,435,46,66,138,566,759,1136,165,13,4,7,1789,8632,9650,416,58,104,193,138,70,121,39,20,5,23
2023-12-08,4677,5631,7220,1326,443,1066,253,1604,840,1752,414,114,35,129,759,662,1263,111,6,18,23,2306,9556,10950,447,137,116,212,255,141,284,78,27,2,5
2023-12-09,8881,10803,16407,2035,348,532,362,2843,1482,3528,410,82,43,262,1714,1149,2678,164,5,11,5,4387,9177,12722,447,110,57,228,1146,569,1435,166,70,32,12
2023-12-10,7527,9842,14706,1167,389,913,194,2550,1123,2811,614,113,33,102,1192,931,1906,159,9,1,48,3278,6662,9058,389,198,92,203,1025,473,1236,146,50,31,35
2023-12-11,2735,3371,4574,925,166,307,134,0,0,0,0,0,0,0,0,0,0,0,0,0,0,0,0,0,0,0,0,0,113,46,93,27,35,3,1
2023-12-12,0,0,0,0,0,0,0,2087,1369,2053,1095,93,78,137,792,814,1347,201,9,3,46,1949,8157,9249,420,86,149,202,0,0,0,0,0,0,0
2023-12-13,4536,8124,9954,1425,203,524,554,1322,1012,1663,455,72,3,141,609,748,1200,134,4,3,16,1747,9434,10683,287,46,32,133,180,145,247,60,11,7,0
2023-12-14,3253,3625,4847,1210,192,473,156,670,305,582,251,27,30,85,179,370,493,47,4,3,2,926,3263,3904,163,47,34,41,99,38,69,23,45,0,0
2023-12-15,2569,2957,3867,646,178,686,149,618,292,698,84,20,22,86,260,241,425,72,0,1,3,1047,3165,3920,133,57,32,70,93,50,87,28,12,0,16
2023-12-16,6796,7054,10336,1686,323,1040,465,1494,684,1579,379,52,67,101,527,408,775,149,0,1,10,1909,4493,5777,294,101,70,160,445,226,485,72,68,5,41
2023-12-17,4934,3933,5804,1552,300,919,292,1024,559,1070,300,21,19,173,360,331,550,100,7,9,25,1248,2285,3068,208,62,106,89,257,112,238,49,26,23,33
2023-12-18,4507,6277,7085,1665,292,1425,317,0,0,0,0,0,0,0,0,0,0,0,0,0,0,0,0,0,0,0,0,0,107,38,81,17,28,2,17
2023-12-19,0,0,0,0,0,0,0,1777,880,1177,818,52,114,496,412,491,689,165,4,3,42,1395,5336,5863,346,49,198,275,0,0,0,0,0,0,0
2023-12-20,4560,5842,6835,2020,157,830,560,968,931,1393,279,47,27,153,337,593,822,77,7,7,17,1024,4006,4703,158,55,14,100,122,34,97,14,34,5,6
2023-12-21,3113,3570,3948,1461,133,758,383,537,188,352,234,15,36,88,208,218,319,84,3,5,15,704,2883,3262,180,51,44,50,109,52,93,34,21,0,13
2023-12-22,3238,3613,4540,1020,143,905,243,611,249,460,285,18,41,56,215,313,424,75,1,20,8,1122,3027,3683,211,30,90,135,163,68,120,70,13,8,20
2023-12-23,6303,7324,10454,2274,153,650,96,1709,512,1291,673,34,30,193,677,528,1017,152,4,1,31,1960,4647,5880,396,75,76,180,450,232,502,102,47,11,20
2023-12-24,9522,8527,13955,2206,235,1522,131,2499,1033,2617,607,37,36,235,1104,837,1668,217,3,26,27,3590,7910,10405,453,155,178,309,889,371,1058,114,14,3,71
2023-12-25,8559,9052,12771,2427,223,1451,739,2117,1074,2744,282,22,24,119,1000,777,1636,86,1,17,37,2441,6511,8158,442,61,96,195,919,434,1153,153,28,3,16
2023-12-26,0,0,0,0,0,0,0,0,0,0,0,0,0,0,0,0,0,0,0,0,0,0,0,0,0,0,0,0,0,0,0,0,0,0,0
2023-12-27,0,25416,12588,2665,1987,4510,3666,519,3689,2439,1347,171,152,99,0,3556,2593,0,0,0,963,0,12353,11007,711,94,99,442,0,1713,1713,0,0,0,0
2023-12-28,6035,7494,5759,4384,465,1629,1292,1621,820,1517,610,93,22,199,700,1029,1383,267,5,24,50,1846,7625,8507,539,100,116,209,217,141,247,61,28,3,19
2023-12-29,6952,7605,8919,3320,446,1507,365,1860,751,1563,785,90,44,129,746,591,990,297,17,24,9,1985,6585,7646,531,141,62,190,266,105,215,74,51,14,17
2023-12-30,8319,7015,9354,3645,329,1435,571,2699,1588,3487,559,58,55,128,1747,991,2488,200,4,7,39,3026,3405,5619,414,113,79,206,1300,441,1517,166,41,7,10
2023-12-31,9356,7347,9089,4070,408,2184,952,2494,826,2463,384,114,27,332,1065,721,1538,212,3,15,18,2683,4790,6384,512,141,171,265,771,277,806,100,54,6,82
